case,n,k,T,seq_knn_ms,gpu_knn_ms,knn_speedup_vs_seq,knn_outputs_match,seq_approx_knn_ms,gpu_approx_knn_ms,approx_speedup_vs_seq,seq_approx_mae_vs_seq_knn,gpu_approx_mae_vs_gpu_knn,seq_kmeans_ms,gpu_kmeans_ms,kmeans_speedup_vs_seq,kmeans_outputs_match
tune_4096_k16_t15,4096,16,15,778.8280949998807,339.4432820000475,2.2944277771853847,1,46.42442300018956,285.3783770001428,0.16267673636733287,25.671143,0.087646,21.988966000208165,265.3235639995728,0.08287603885889144,1
tune_8192_k32_t20,8192,32,20,3084.6861830000307,334.076610000011,9.233469481745308,1,175.64024400007838,317.41924700008894,0.553338355062096,18.894531,0.107178,63.26546699983737,274.34869099988646,0.2306024015250853,1
tune_16384_k64_t30,16384,64,30,13106.582480999805,378.1648869999117,34.658380329749825,1,771.0158840000076,364.10465699964334,2.1175666643581628,13.257385,0.070007,284.8624970001765,331.4699030001975,0.8593917409147303,1
tune_32768_k32_t20,32768,32,20,47807.75289099984,420.7658109999102,113.6208114851091,1,799.4478310001796,340.5744090000553,2.3473514447177672,19.067535,0.057159,538.4952909998901,364.3433859997458,1.4779883804457639,1
